expo,table,project,sponsors,link
1,1,Make Nest Great Again,,http://profhacks.devpost.com/submissions/50492-make-nest-great-again
1,2,The Archr,,http://profhacks.devpost.com/submissions/50499-the-archr
1,3,GoSignYourself,,http://profhacks.devpost.com/submissions/50632-gosignyourself
1,4,Meta-Journalism,,http://profhacks.devpost.com/submissions/50638-meta-journalism
1,5,Nutruit,,http://profhacks.devpost.com/submissions/50641-nutruit
1,6,Bolterizer,,http://profhacks.devpost.com/submissions/50647-bolterizer
1,7,Twitter Home Hacks,,http://profhacks.devpost.com/submissions/50652-twitter-home-hacks
1,8,GuardianAngel,,http://profhacks.devpost.com/submissions/50653-guardianangel
1,9,SimpleNews,,http://profhacks.devpost.com/submissions/50654-simplenews
1,10,NeuroSim,,http://profhacks.devpost.com/submissions/50655-neurosim
1,11,Comfort-Meister,,http://profhacks.devpost.com/submissions/50656-comfort-meister
1,12,MediRoute,,http://profhacks.devpost.com/submissions/50657-mediroute
1,13,Vively,,http://profhacks.devpost.com/submissions/50658-vively
1,14,Drivr,,http://profhacks.devpost.com/submissions/50659-drivr
1,15,Vampire Slayer,,http://profhacks.devpost.com/submissions/50660-vampire-slayer
1,16,Code Cubes,,http://profhacks.devpost.com/submissions/50661-code-cubes
1,17,I Think I Left The Stove On ,,http://profhacks.devpost.com/submissions/50662-i-think-i-left-the-stove-on
1,18,ASL MutePoint,,http://profhacks.devpost.com/submissions/50663-asl-mutepoint
1,19,Rampant Recognition Security Camera Application,,http://profhacks.devpost.com/submissions/50664-rampant-recognition-security-camera-application
